﻿<?xml version="1.0" encoding="utf-8" standalone="yes"?>
<!--Rebracer Solution Settings File-->
<!--This file contains Visual Studio settings for nunit.sln.-->
<!--Rebracer uses this file to apply settings for this solution-->
<!--when the solution is opened.-->
<!--Install Rebracer from http://visualstudiogallery.msdn.microsoft.com/410e9b9f-65f3-4495-b68e-15567e543c58 -->
<!--See https://github.com/SLaks/Rebracer for more information-->
<UserSettings>
  <ToolsOptions>
    <ToolsOptionsCategory name="TextEditor">
      <ToolsOptionsSubCategory name="CSharp-Specific">
        <PropertyValue name="AutoComment">1</PropertyValue>
        <PropertyValue name="BringUpOnIdentifier">1</PropertyValue>
        <PropertyValue name="ClosedFileDiagnostics">1</PropertyValue>
        <PropertyValue name="CodeDefinitionWindow_DocumentationComment_IndentBase">1</PropertyValue>
        <PropertyValue name="CodeDefinitionWindow_DocumentationComment_IndentOffset">2</PropertyValue>
        <PropertyValue name="CodeDefinitionWindow_DocumentationComment_WrapLength">80</PropertyValue>
        <PropertyValue name="DisplayLineSeparators">0</PropertyValue>
        <PropertyValue name="EnableHighlightRelatedKeywords">1</PropertyValue>
        <PropertyValue name="ExtractMethod_AllowMovingDeclaration">0</PropertyValue>
        <PropertyValue name="ExtractMethod_DoNotPutOutOrRefOnStruct">1</PropertyValue>
        <PropertyValue name="Formatting_TriggerOnBlockCompletion">1</PropertyValue>
        <PropertyValue name="Formatting_TriggerOnPaste">1</PropertyValue>
        <PropertyValue name="Formatting_TriggerOnStatementCompletion">1</PropertyValue>
        <PropertyValue name="ImplementInterface_InsertRegionTags">0</PropertyValue>
        <PropertyValue name="Indent_BlockContents">1</PropertyValue>
        <PropertyValue name="Indent_Braces">0</PropertyValue>
        <PropertyValue name="Indent_CaseContents">1</PropertyValue>
        <PropertyValue name="Indent_CaseLabels">1</PropertyValue>
        <PropertyValue name="Indent_FlushLabelsLeft">0</PropertyValue>
        <PropertyValue name="Indent_UnindentLabels">1</PropertyValue>
        <PropertyValue name="NewLines_AnonymousTypeInitializer_EachMember">1</PropertyValue>
        <PropertyValue name="NewLines_Braces_Accessor">1</PropertyValue>
        <PropertyValue name="NewLines_Braces_AnonymousMethod">1</PropertyValue>
        <PropertyValue name="NewLines_Braces_AnonymousTypeInitializer">1</PropertyValue>
        <PropertyValue name="NewLines_Braces_ArrayInitializer">0</PropertyValue>
        <PropertyValue name="NewLines_Braces_CollectionInitializer">0</PropertyValue>
        <PropertyValue name="NewLines_Braces_ControlFlow">1</PropertyValue>
        <PropertyValue name="NewLines_Braces_LambdaExpressionBody">1</PropertyValue>
        <PropertyValue name="NewLines_Braces_Method">1</PropertyValue>
        <PropertyValue name="NewLines_Braces_ObjectInitializer">1</PropertyValue>
        <PropertyValue name="NewLines_Braces_Property">1</PropertyValue>
        <PropertyValue name="NewLines_Braces_Type">1</PropertyValue>
        <PropertyValue name="NewLines_Keywords_Catch">1</PropertyValue>
        <PropertyValue name="NewLines_Keywords_Else">1</PropertyValue>
        <PropertyValue name="NewLines_Keywords_Finally">1</PropertyValue>
        <PropertyValue name="NewLines_ObjectInitializer_EachMember">1</PropertyValue>
        <PropertyValue name="NewLines_QueryExpression_EachClause">1</PropertyValue>
        <PropertyValue name="RemoveUnusedUsings">1</PropertyValue>
        <PropertyValue name="RenameTrackingPreview">1</PropertyValue>
        <PropertyValue name="SortUsings">1</PropertyValue>
        <PropertyValue name="SortUsings_PlaceSystemFirst">1</PropertyValue>
        <PropertyValue name="Space_AfterBasesColon">1</PropertyValue>
        <PropertyValue name="Space_AfterCast">0</PropertyValue>
        <PropertyValue name="Space_AfterComma">1</PropertyValue>
        <PropertyValue name="Space_AfterDot">0</PropertyValue>
        <PropertyValue name="Space_AfterLambdaArrow">1</PropertyValue>
        <PropertyValue name="Space_AfterMethodCallName">0</PropertyValue>
        <PropertyValue name="Space_AfterMethodDeclarationName">0</PropertyValue>
        <PropertyValue name="Space_AfterSemicolonsInForStatement">1</PropertyValue>
        <PropertyValue name="Space_AroundBinaryOperator">1</PropertyValue>
        <PropertyValue name="Space_BeforeBasesColon">1</PropertyValue>
        <PropertyValue name="Space_BeforeComma">0</PropertyValue>
        <PropertyValue name="Space_BeforeDot">0</PropertyValue>
        <PropertyValue name="Space_BeforeLambdaArrow">1</PropertyValue>
        <PropertyValue name="Space_BeforeOpenSquare">0</PropertyValue>
        <PropertyValue name="Space_BeforeSemicolonsInForStatement">0</PropertyValue>
        <PropertyValue name="Space_BetweenEmptyMethodCallParentheses">0</PropertyValue>
        <PropertyValue name="Space_BetweenEmptyMethodDeclarationParentheses">0</PropertyValue>
        <PropertyValue name="Space_BetweenEmptySquares">0</PropertyValue>
        <PropertyValue name="Space_InControlFlowConstruct">1</PropertyValue>
        <PropertyValue name="Space_Normalize">0</PropertyValue>
        <PropertyValue name="Space_WithinCastParentheses">0</PropertyValue>
        <PropertyValue name="Space_WithinExpressionParentheses">0</PropertyValue>
        <PropertyValue name="Space_WithinMethodCallParentheses">0</PropertyValue>
        <PropertyValue name="Space_WithinMethodDeclarationParentheses">0</PropertyValue>
        <PropertyValue name="Space_WithinOtherParentheses">0</PropertyValue>
        <PropertyValue name="Space_WithinSquares">0</PropertyValue>
        <PropertyValue name="Style_PreferIntrinsicPredefinedTypeKeywordInDeclaration">1</PropertyValue>
        <PropertyValue name="Style_PreferIntrinsicPredefinedTypeKeywordInMemberAccess">1</PropertyValue>
        <PropertyValue name="Style_QualifyMemberAccessWithThisOrMe">0</PropertyValue>
        <PropertyValue name="Style_UseVarWhenDeclaringLocals">1</PropertyValue>
        <PropertyValue name="WarnOnBuildErrors">1</PropertyValue>
        <PropertyValue name="WarnWhenMembersCauseCompilerGeneratedReferences">1</PropertyValue>
        <PropertyValue name="Wrapping_IgnoreSpacesAroundBinaryOperators">0</PropertyValue>
        <PropertyValue name="Wrapping_IgnoreSpacesAroundVariableDeclaration">0</PropertyValue>
        <PropertyValue name="Wrapping_KeepStatementsOnSingleLine">1</PropertyValue>
        <PropertyValue name="Wrapping_PreserveSingleLine">1</PropertyValue>
      </ToolsOptionsSubCategory>
    </ToolsOptionsCategory>
  </ToolsOptions>
</UserSettings>